Ticker,Sector,PE,Date,Max_Gain_5D,Max_Gain_10D,Max_DD_5D,RSI_Entry,Vol_Ratio_Entry
THYAO.IS,Industrials,4.679256,2021-12-24,2.84,21.12,-6.53,52.56,0.65
THYAO.IS,Industrials,4.679256,2022-05-30,3.19,3.19,-4.24,67.93,1.06
THYAO.IS,Industrials,4.679256,2022-10-03,11.46,27.37,0.71,42.36,0.62
THYAO.IS,Industrials,4.679256,2023-02-15,9.22,9.22,-3.0,20.71,0.0
ASELS.IS,Industrials,32.50106,2021-11-29,3.17,15.04,-6.77,83.37,1.23
ASELS.IS,Industrials,32.50106,2022-09-12,11.85,11.85,-11.23,69.01,1.48
ASELS.IS,Industrials,32.50106,2022-09-14,9.27,9.27,-12.12,63.71,2.24
ASELS.IS,Industrials,32.50106,2023-02-15,9.11,9.11,-7.47,28.4,0.0
ASELS.IS,Industrials,32.50106,2023-05-29,6.96,17.67,-2.08,59.52,1.83
EREGL.IS,Basic Materials,4.853896,2022-09-05,9.75,10.46,-1.23,50.0,0.85
EREGL.IS,Basic Materials,4.853896,2022-11-04,17.42,17.42,1.98,57.01,0.95
EREGL.IS,Basic Materials,4.853896,2022-11-07,6.77,6.77,-6.5,67.63,2.63
EREGL.IS,Basic Materials,4.853896,2023-02-15,29.6,29.6,1.21,33.66,0.0
KCHOL.IS,Industrials,7.3937774,2023-02-15,7.78,7.78,-3.43,29.77,0.0
KCHOL.IS,Industrials,7.3937774,2023-05-11,5.59,5.59,-19.25,67.24,2.15
KCHOL.IS,Industrials,7.3937774,2023-06-05,12.47,12.47,-1.92,36.89,1.18
KCHOL.IS,Industrials,7.3937774,2023-07-28,2.53,4.25,-4.69,69.42,1.03
SISE.IS,Industrials,4.613936,2021-12-07,13.22,28.29,-1.43,95.19,1.42
SISE.IS,Industrials,4.613936,2023-02-15,16.49,16.49,2.11,28.56,0.0
SISE.IS,Industrials,4.613936,2023-05-11,2.67,2.67,-10.25,23.82,1.57
SISE.IS,Industrials,4.613936,2025-05-12,0.96,0.96,-4.85,35.96,1.42
SISE.IS,Industrials,4.613936,2025-12-08,4.0,4.0,-4.91,69.64,0.95
SISE.IS,Industrials,4.613936,2026-01-29,8.13,8.13,-5.33,61.1,1.31
AKBNK.IS,Financial Services,5.214531,2021-11-15,9.9,9.9,-0.0,86.18,0.62
AKBNK.IS,Financial Services,5.214531,2022-09-02,24.94,46.89,-0.08,69.02,1.37
AKBNK.IS,Financial Services,5.214531,2022-09-12,9.31,9.31,-36.84,84.37,2.2
AKBNK.IS,Financial Services,5.214531,2022-10-03,5.8,19.66,-2.98,16.2,0.35
AKBNK.IS,Financial Services,5.214531,2022-10-17,8.75,8.75,-0.4,78.07,1.02
AKBNK.IS,Financial Services,5.214531,2023-02-15,7.67,10.64,-2.29,30.13,0.0
AKBNK.IS,Financial Services,5.214531,2023-05-11,6.87,6.87,-19.04,39.72,1.29
AKBNK.IS,Financial Services,5.214531,2023-05-30,11.91,15.88,-3.48,41.19,1.26
AKBNK.IS,Financial Services,5.214531,2023-08-09,8.59,8.59,-6.14,65.48,0.87
AKBNK.IS,Financial Services,5.214531,2023-08-24,2.89,9.66,-6.11,52.07,0.82
AKBNK.IS,Financial Services,5.214531,2024-01-08,9.45,9.45,-2.52,37.61,0.71
AKBNK.IS,Financial Services,5.214531,2025-06-30,5.79,5.79,-0.81,71.54,1.16
GARAN.IS,Financial Services,4.82565,2021-11-15,7.82,7.82,1.89,82.59,0.61
GARAN.IS,Financial Services,4.82565,2022-08-17,14.04,29.78,-5.8,85.22,1.84
GARAN.IS,Financial Services,4.82565,2022-08-23,19.32,19.32,-1.65,86.92,1.14
GARAN.IS,Financial Services,4.82565,2022-08-25,6.91,6.91,-13.98,89.29,1.62
GARAN.IS,Financial Services,4.82565,2022-09-09,20.86,20.86,-17.57,59.94,1.28
GARAN.IS,Financial Services,4.82565,2022-09-12,9.94,9.94,-31.86,68.0,0.66
GARAN.IS,Financial Services,4.82565,2022-10-03,5.43,12.73,-4.21,19.34,0.57
GARAN.IS,Financial Services,4.82565,2022-10-17,9.3,9.3,0.08,68.19,0.58
GARAN.IS,Financial Services,4.82565,2023-02-15,9.24,9.24,-2.76,26.77,0.0
GARAN.IS,Financial Services,4.82565,2023-03-08,3.97,3.97,-8.5,73.23,1.26
GARAN.IS,Financial Services,4.82565,2023-05-11,7.88,7.88,-19.87,52.47,1.05
GARAN.IS,Financial Services,4.82565,2023-05-30,7.09,12.95,-3.11,41.76,1.31
GARAN.IS,Financial Services,4.82565,2023-08-09,10.66,10.66,0.38,82.35,0.92
GARAN.IS,Financial Services,4.82565,2023-08-24,2.85,2.85,-7.9,60.63,0.91
GARAN.IS,Financial Services,4.82565,2025-06-30,6.59,6.96,-0.3,61.28,1.21
ISCTR.IS,Financial Services,3.5869565,2021-11-15,6.44,6.44,-2.72,89.08,1.04
ISCTR.IS,Financial Services,3.5869565,2022-08-17,26.51,26.51,-3.83,72.34,1.7
ISCTR.IS,Financial Services,3.5869565,2022-08-23,4.76,33.66,-10.37,80.18,1.19
ISCTR.IS,Financial Services,3.5869565,2022-09-02,40.72,52.6,-0.34,74.05,1.61
ISCTR.IS,Financial Services,3.5869565,2022-09-08,19.27,19.27,-19.01,81.03,1.09
ISCTR.IS,Financial Services,3.5869565,2022-09-09,8.44,8.44,-33.68,83.41,1.1
ISCTR.IS,Financial Services,3.5869565,2022-10-03,5.56,13.54,-3.51,11.95,0.41
ISCTR.IS,Financial Services,3.5869565,2022-10-17,9.9,9.9,-0.96,70.23,1.17
ISCTR.IS,Financial Services,3.5869565,2022-12-19,-0.22,-0.22,-8.27,72.6,0.33
ISCTR.IS,Financial Services,3.5869565,2023-02-15,9.07,13.18,1.53,27.68,0.0
ISCTR.IS,Financial Services,3.5869565,2023-03-06,16.82,16.82,-0.15,70.83,1.58
ISCTR.IS,Financial Services,3.5869565,2023-03-08,6.1,6.1,-3.57,76.53,2.77
ISCTR.IS,Financial Services,3.5869565,2023-05-08,27.33,27.33,-1.11,18.18,0.83
ISCTR.IS,Financial Services,3.5869565,2023-05-11,5.74,5.74,-23.69,59.27,2.74
ISCTR.IS,Financial Services,3.5869565,2025-06-30,7.57,13.78,0.0,63.37,1.39
YKBNK.IS,Financial Services,4.491043,2022-10-03,6.18,24.97,-2.32,23.59,0.48
YKBNK.IS,Financial Services,4.491043,2022-10-17,7.31,7.31,-4.84,84.17,1.05
YKBNK.IS,Financial Services,4.491043,2022-11-15,8.34,13.16,-5.0,54.66,0.57
YKBNK.IS,Financial Services,4.491043,2023-02-15,8.84,15.55,-0.11,28.85,0.0
YKBNK.IS,Financial Services,4.491043,2023-05-11,6.85,6.85,-21.6,53.73,1.56
YKBNK.IS,Financial Services,4.491043,2023-05-30,18.4,22.3,-3.31,44.79,0.86
YKBNK.IS,Financial Services,4.491043,2024-01-08,8.36,8.36,-1.09,32.25,0.88
YKBNK.IS,Financial Services,4.491043,2024-05-21,3.95,3.95,-9.8,65.78,0.98
YKBNK.IS,Financial Services,4.491043,2025-06-30,4.92,9.97,-0.69,60.34,1.35
BIMAS.IS,Consumer Defensive,13.19105,2023-02-15,6.06,6.06,-0.38,27.72,0.0
BIMAS.IS,Consumer Defensive,13.19105,2023-05-11,9.06,9.06,-18.86,45.81,1.27
BIMAS.IS,Consumer Defensive,13.19105,2023-08-09,9.32,9.32,-1.93,76.13,0.96
BIMAS.IS,Consumer Defensive,13.19105,2025-03-25,5.16,6.21,-2.91,22.72,2.31
TUPRS.IS,Energy,10.766635,2022-10-03,10.99,14.76,2.29,25.34,0.93
TUPRS.IS,Energy,10.766635,2023-02-15,10.65,10.65,1.93,34.72,0.0
TUPRS.IS,Energy,10.766635,2023-05-11,5.17,5.17,-10.63,31.83,1.0
TUPRS.IS,Energy,10.766635,2023-08-21,7.02,7.02,-11.24,77.7,1.98
TUPRS.IS,Energy,10.766635,2023-08-28,1.57,1.57,-4.09,72.62,0.97
SAHOL.IS,Financial Services,3.9739883,2021-11-15,1.92,1.92,-3.34,95.14,0.5
SAHOL.IS,Financial Services,3.9739883,2022-04-11,8.83,8.83,-3.3,74.88,2.16
SAHOL.IS,Financial Services,3.9739883,2022-10-17,9.83,10.54,-0.26,60.67,0.76
SAHOL.IS,Financial Services,3.9739883,2023-02-15,7.35,9.16,-3.87,25.06,0.0
SAHOL.IS,Financial Services,3.9739883,2025-06-30,5.63,5.63,-1.84,53.17,1.11
HEKTS.IS,Basic Materials,N/A,2021-04-30,24.51,24.51,-1.95,48.98,1.88
HEKTS.IS,Basic Materials,N/A,2021-11-24,27.43,37.69,-0.65,69.78,2.41
HEKTS.IS,Basic Materials,N/A,2021-11-30,8.84,19.38,-0.31,91.18,1.33
HEKTS.IS,Basic Materials,N/A,2021-12-08,4.34,11.38,-2.37,92.06,0.59
HEKTS.IS,Basic Materials,N/A,2021-12-24,12.78,16.13,1.0,44.94,0.58
HEKTS.IS,Basic Materials,N/A,2022-03-22,8.71,8.71,-1.04,84.75,1.21
HEKTS.IS,Basic Materials,N/A,2022-07-19,4.98,7.1,-2.55,33.33,0.57
HEKTS.IS,Basic Materials,N/A,2022-09-23,21.44,36.76,-0.4,62.83,1.26
HEKTS.IS,Basic Materials,N/A,2022-10-12,31.91,32.34,0.85,77.19,0.6
HEKTS.IS,Basic Materials,N/A,2022-11-08,42.07,56.4,1.59,54.85,0.74
HEKTS.IS,Basic Materials,N/A,2022-11-14,21.05,21.05,-11.75,82.15,0.85
HEKTS.IS,Basic Materials,N/A,2022-11-15,10.09,10.09,-27.77,90.44,0.73
HEKTS.IS,Basic Materials,N/A,2022-11-16,0.1,0.1,-34.32,91.93,1.19
HEKTS.IS,Basic Materials,N/A,2022-11-22,6.95,6.95,-23.43,60.69,0.15
HEKTS.IS,Basic Materials,N/A,2023-02-15,26.47,26.47,2.29,16.63,0.0
HEKTS.IS,Basic Materials,N/A,2023-02-16,14.97,14.97,-3.74,34.71,0.8
HEKTS.IS,Basic Materials,N/A,2023-02-20,1.84,1.84,-13.68,50.56,3.12
HEKTS.IS,Basic Materials,N/A,2023-04-10,8.57,8.57,-2.83,38.46,0.58
HEKTS.IS,Basic Materials,N/A,2023-06-05,5.86,5.86,-4.2,73.22,1.61
HEKTS.IS,Basic Materials,N/A,2023-06-15,4.08,4.53,-10.52,65.15,0.75
HEKTS.IS,Basic Materials,N/A,2024-02-15,8.52,8.52,-3.52,79.68,1.61
HEKTS.IS,Basic Materials,N/A,2024-04-05,3.68,3.68,-5.86,22.47,0.46
HEKTS.IS,Basic Materials,N/A,2024-09-13,7.85,11.78,-8.67,12.5,1.95
HEKTS.IS,Basic Materials,N/A,2024-09-20,5.95,5.95,-5.95,12.67,3.04
HEKTS.IS,Basic Materials,N/A,2025-10-23,6.01,6.01,-5.74,37.18,0.58
SASA.IS,Consumer Cyclical,N/A,2021-03-09,17.76,17.76,0.47,45.79,
SASA.IS,Consumer Cyclical,N/A,2021-03-10,7.06,7.06,-8.65,45.35,
SASA.IS,Consumer Cyclical,N/A,2021-03-23,12.28,12.28,0.14,52.41,0.77
SASA.IS,Consumer Cyclical,N/A,2021-04-14,4.6,10.41,-10.53,27.57,0.57
SASA.IS,Consumer Cyclical,N/A,2021-06-01,7.26,7.26,-3.36,29.01,0.85
SASA.IS,Consumer Cyclical,N/A,2021-07-14,4.69,4.69,-6.61,37.26,3.58
SASA.IS,Consumer Cyclical,N/A,2021-11-24,22.11,23.88,-0.99,82.44,1.99
SASA.IS,Consumer Cyclical,N/A,2021-12-24,17.12,18.91,2.23,45.24,0.87
SASA.IS,Consumer Cyclical,N/A,2022-02-25,7.99,26.13,-0.99,30.48,0.91
SASA.IS,Consumer Cyclical,N/A,2022-03-09,4.66,4.66,-6.9,57.73,1.69
SASA.IS,Consumer Cyclical,N/A,2022-10-04,15.5,15.5,2.81,79.6,1.46
SASA.IS,Consumer Cyclical,N/A,2022-10-31,24.88,28.54,0.5,78.0,0.38
SASA.IS,Consumer Cyclical,N/A,2022-11-15,11.43,11.43,-27.52,84.96,0.57
SASA.IS,Consumer Cyclical,N/A,2022-11-22,7.03,7.03,-21.55,51.77,0.13
SASA.IS,Consumer Cyclical,N/A,2022-12-12,-1.6,1.84,-12.06,39.4,0.44
SASA.IS,Consumer Cyclical,N/A,2023-01-12,10.72,10.72,0.0,28.05,1.26
SASA.IS,Consumer Cyclical,N/A,2023-02-15,18.42,18.42,3.74,21.27,0.0
SASA.IS,Consumer Cyclical,N/A,2023-02-16,7.71,7.71,-9.05,37.76,0.74
SASA.IS,Consumer Cyclical,N/A,2023-05-23,10.4,36.4,-3.36,57.91,1.91
SASA.IS,Consumer Cyclical,N/A,2023-06-05,9.72,9.72,-1.88,81.32,1.58
SASA.IS,Consumer Cyclical,N/A,2023-09-26,0.89,0.89,-5.97,22.61,1.02
SASA.IS,Consumer Cyclical,N/A,2023-10-23,8.15,8.15,-7.88,15.7,0.97
SASA.IS,Consumer Cyclical,N/A,2024-02-15,5.8,5.8,-7.02,65.67,0.82
SASA.IS,Consumer Cyclical,N/A,2024-03-28,5.95,5.95,-12.09,52.67,0.79
SASA.IS,Consumer Cyclical,N/A,2025-08-15,22.56,45.13,-0.26,77.92,0.16
SASA.IS,Consumer Cyclical,N/A,2025-08-18,22.38,31.93,-9.32,84.68,0.97
SASA.IS,Consumer Cyclical,N/A,2025-08-21,30.11,30.11,2.53,74.14,2.15
SASA.IS,Consumer Cyclical,N/A,2025-08-22,18.41,18.41,-3.97,78.87,0.0
SASA.IS,Consumer Cyclical,N/A,2025-08-25,7.81,7.81,-13.33,82.0,0.0
SASA.IS,Consumer Cyclical,N/A,2025-09-15,9.09,9.09,0.25,2.86,2.61
PETKM.IS,Basic Materials,4.5956936,2022-08-26,11.3,21.83,1.91,82.52,1.29
PETKM.IS,Basic Materials,4.5956936,2022-10-05,3.83,3.83,-3.15,42.59,0.86
PETKM.IS,Basic Materials,4.5956936,2022-12-19,5.99,5.99,-3.88,48.77,0.27
PETKM.IS,Basic Materials,4.5956936,2023-02-15,14.98,14.98,-3.16,18.15,0.0
PETKM.IS,Basic Materials,4.5956936,2023-08-11,8.99,8.99,-1.11,58.24,1.08
TOASO.IS,Consumer Cyclical,10.42258,2021-12-24,10.2,25.16,-3.35,19.43,0.72
TOASO.IS,Consumer Cyclical,10.42258,2022-10-24,3.55,3.55,-8.33,52.22,0.69
TOASO.IS,Consumer Cyclical,10.42258,2022-12-29,5.16,5.16,-3.54,74.42,2.49
TOASO.IS,Consumer Cyclical,10.42258,2023-02-15,7.01,16.09,-4.18,24.6,0.0
TOASO.IS,Consumer Cyclical,10.42258,2023-05-11,6.48,6.48,-9.77,27.54,0.83
TOASO.IS,Consumer Cyclical,10.42258,2023-07-31,4.83,4.83,-3.77,61.7,1.45
TOASO.IS,Consumer Cyclical,10.42258,2025-04-17,25.38,25.38,3.01,31.08,0.72
TOASO.IS,Consumer Cyclical,10.42258,2025-04-21,7.42,7.42,-4.48,62.55,2.47
FROTO.IS,Consumer Cyclical,0.6926972,2021-03-01,5.82,5.82,-9.24,,
FROTO.IS,Consumer Cyclical,0.6926972,2021-03-16,19.77,19.77,-11.18,47.38,1.5
FROTO.IS,Consumer Cyclical,0.6926972,2021-03-17,8.9,8.9,-19.24,65.89,2.13
FROTO.IS,Consumer Cyclical,0.6926972,2021-10-13,2.14,9.57,-7.09,48.96,1.92
FROTO.IS,Consumer Cyclical,0.6926972,2022-03-14,15.96,20.36,-1.3,38.34,1.17
FROTO.IS,Consumer Cyclical,0.6926972,2023-02-15,9.34,9.34,-1.22,38.54,0.0
FROTO.IS,Consumer Cyclical,0.6926972,2023-05-11,2.5,2.5,-10.41,23.3,0.64
ARCLK.IS,Consumer Cyclical,8.514915,2022-05-25,10.01,13.44,2.69,53.01,0.93
ARCLK.IS,Consumer Cyclical,8.514915,2022-12-19,3.98,16.6,-2.85,55.58,0.24
ARCLK.IS,Consumer Cyclical,8.514915,2022-12-29,12.78,12.78,-3.89,70.37,0.98
ARCLK.IS,Consumer Cyclical,8.514915,2023-01-17,7.65,7.65,-3.13,47.85,1.52
ARCLK.IS,Consumer Cyclical,8.514915,2023-02-15,19.85,19.85,-1.92,17.93,0.0
TTKOM.IS,Communication Services,9.389417,2021-12-20,9.35,9.35,-15.03,53.65,2.53
TTKOM.IS,Communication Services,9.389417,2022-11-24,6.02,10.11,-1.52,74.18,0.95
TTKOM.IS,Communication Services,9.389417,2022-12-12,12.96,12.96,-3.54,75.67,0.73
TTKOM.IS,Communication Services,9.389417,2022-12-15,4.1,8.3,-4.2,68.77,2.28
TTKOM.IS,Communication Services,9.389417,2022-12-29,19.38,19.38,-0.17,73.16,1.24
TTKOM.IS,Communication Services,9.389417,2023-02-15,8.33,8.33,-12.5,24.46,0.0
TTKOM.IS,Communication Services,9.389417,2023-06-09,7.23,7.23,-6.41,86.4,0.78
TTKOM.IS,Communication Services,9.389417,2024-04-19,4.55,5.77,-2.45,67.6,1.58
TTKOM.IS,Communication Services,9.389417,2025-11-05,5.0,5.0,-1.82,52.84,1.03
TCELL.IS,Communication Services,9.880383,2022-12-12,7.36,7.36,-4.49,53.32,0.64
TCELL.IS,Communication Services,9.880383,2023-02-15,8.33,8.33,-12.57,31.76,0.0
TCELL.IS,Communication Services,9.880383,2023-08-21,10.2,10.2,-2.11,50.0,1.3
HALKB.IS,Financial Services,10.762332,2022-05-25,5.48,7.77,-2.3,40.0,1.14
HALKB.IS,Financial Services,10.762332,2022-08-25,44.38,112.02,3.08,70.59,1.35
HALKB.IS,Financial Services,10.762332,2022-08-26,38.43,112.2,-1.82,75.51,2.27
HALKB.IS,Financial Services,10.762332,2022-08-29,38.39,112.24,1.02,80.26,2.11
HALKB.IS,Financial Services,10.762332,2022-08-31,37.12,93.04,-6.26,85.37,3.48
HALKB.IS,Financial Services,10.762332,2022-09-05,53.29,68.59,2.23,86.44,2.68
HALKB.IS,Financial Services,10.762332,2022-09-06,53.36,53.36,1.84,89.71,0.87
HALKB.IS,Financial Services,10.762332,2022-09-08,33.01,33.01,-11.75,91.35,1.38
HALKB.IS,Financial Services,10.762332,2022-09-09,20.93,20.93,-27.76,93.46,1.09
HALKB.IS,Financial Services,10.762332,2022-09-12,9.98,9.98,-40.85,96.11,0.43
HALKB.IS,Financial Services,10.762332,2022-10-03,9.65,9.65,-6.78,2.45,0.41
HALKB.IS,Financial Services,10.762332,2022-10-17,16.98,16.98,-3.65,42.25,0.42
HALKB.IS,Financial Services,10.762332,2022-10-19,9.15,9.15,-2.58,57.97,1.37
HALKB.IS,Financial Services,10.762332,2022-11-16,5.84,5.84,-9.92,73.44,1.25
HALKB.IS,Financial Services,10.762332,2022-12-12,37.61,37.61,-3.08,60.67,0.81
HALKB.IS,Financial Services,10.762332,2022-12-15,20.93,20.93,0.15,68.52,1.94
HALKB.IS,Financial Services,10.762332,2022-12-19,-0.51,-0.51,-13.28,78.99,0.71
HALKB.IS,Financial Services,10.762332,2023-01-16,8.84,8.84,-3.2,25.08,0.49
HALKB.IS,Financial Services,10.762332,2023-02-15,17.81,18.12,1.21,22.08,0.0
HALKB.IS,Financial Services,10.762332,2023-04-19,7.57,7.57,-12.83,63.9,0.67
HALKB.IS,Financial Services,10.762332,2023-05-11,8.38,12.62,-3.35,37.8,0.9
HALKB.IS,Financial Services,10.762332,2024-01-09,0.58,0.58,-7.83,44.44,2.23
HALKB.IS,Financial Services,10.762332,2024-04-08,1.63,1.63,-15.35,66.51,2.09
HALKB.IS,Financial Services,10.762332,2024-04-24,4.37,7.76,-5.23,60.85,1.68
HALKB.IS,Financial Services,10.762332,2025-03-24,11.21,11.21,2.38,37.45,0.92
HALKB.IS,Financial Services,10.762332,2025-10-01,6.35,6.35,-12.09,57.07,0.87
HALKB.IS,Financial Services,10.762332,2025-11-25,26.04,26.89,-0.06,72.83,1.59
HALKB.IS,Financial Services,10.762332,2025-12-01,6.94,6.94,-7.2,93.84,1.35
VAKBN.IS,Financial Services,7.3788147,2022-08-25,52.91,135.45,6.73,73.8,1.22
VAKBN.IS,Financial Services,7.3788147,2022-08-26,51.57,135.37,-1.98,77.63,0.87
VAKBN.IS,Financial Services,7.3788147,2022-08-29,51.58,135.49,2.56,81.99,1.17
VAKBN.IS,Financial Services,7.3788147,2022-08-31,50.89,114.23,-0.27,87.35,2.08
VAKBN.IS,Financial Services,7.3788147,2022-09-05,55.29,70.77,0.55,91.16,2.29
VAKBN.IS,Financial Services,7.3788147,2022-09-06,55.36,55.36,0.4,93.36,1.04
VAKBN.IS,Financial Services,7.3788147,2022-09-08,32.94,32.94,-2.04,94.5,1.49
VAKBN.IS,Financial Services,7.3788147,2022-09-09,20.93,20.93,-19.77,96.54,0.49
VAKBN.IS,Financial Services,7.3788147,2022-09-12,9.97,9.97,-34.27,98.37,0.1
VAKBN.IS,Financial Services,7.3788147,2022-10-03,7.74,7.74,-5.91,4.93,0.4
VAKBN.IS,Financial Services,7.3788147,2022-10-17,16.56,16.56,-3.96,40.39,0.41
VAKBN.IS,Financial Services,7.3788147,2022-10-19,9.65,9.65,-1.4,59.34,1.5
VAKBN.IS,Financial Services,7.3788147,2022-11-16,3.6,3.6,-10.01,64.46,1.34
VAKBN.IS,Financial Services,7.3788147,2022-12-19,2.76,2.76,-12.35,68.53,0.86
VAKBN.IS,Financial Services,7.3788147,2023-02-15,19.73,19.73,2.04,25.32,0.0
VAKBN.IS,Financial Services,7.3788147,2023-04-19,6.8,6.8,-16.02,67.68,0.96
VAKBN.IS,Financial Services,7.3788147,2023-05-11,6.13,6.13,-9.41,36.57,0.54
VAKBN.IS,Financial Services,7.3788147,2024-04-04,11.32,18.32,-1.75,69.42,0.49
VAKBN.IS,Financial Services,7.3788147,2024-04-24,9.52,13.18,-2.37,71.41,1.69
EKGYO.IS,Real Estate,1252.0001,2022-04-14,6.38,6.38,-4.03,83.58,1.43
EKGYO.IS,Real Estate,1252.0001,2023-02-15,26.11,26.11,-1.81,14.49,0.0
EKGYO.IS,Real Estate,1252.0001,2023-02-20,11.82,11.82,-2.34,40.62,0.36
EKGYO.IS,Real Estate,1252.0001,2023-02-21,1.68,1.68,-11.2,48.88,1.02
EKGYO.IS,Real Estate,1252.0001,2024-12-03,3.67,3.67,-4.19,66.22,0.82
PGSUS.IS,Industrials,6.0,2021-11-24,1.33,1.33,-18.73,67.69,1.71
PGSUS.IS,Industrials,6.0,2022-01-27,5.7,5.7,-6.45,43.15,1.15
PGSUS.IS,Industrials,6.0,2022-06-09,3.97,13.84,-5.43,74.57,1.93
PGSUS.IS,Industrials,6.0,2023-02-15,6.38,6.38,-7.71,29.26,0.0
PGSUS.IS,Industrials,6.0,2025-06-24,10.53,10.85,-1.02,34.09,1.66
ENKAI.IS,Industrials,27.574125,2021-03-29,5.03,5.03,-7.37,49.47,0.54
ENKAI.IS,Industrials,27.574125,2021-12-29,6.06,6.06,-3.98,30.27,0.48
ENKAI.IS,Industrials,27.574125,2022-12-15,12.49,36.14,2.03,45.05,1.73
ENKAI.IS,Industrials,27.574125,2022-12-23,13.62,18.5,-1.04,57.14,1.82
ENKAI.IS,Industrials,27.574125,2023-02-15,8.62,18.59,-7.26,21.41,0.0
ENKAI.IS,Industrials,27.574125,2023-09-12,2.25,2.25,-9.85,60.39,2.44
ENKAI.IS,Industrials,27.574125,2025-05-12,0.8,0.8,-14.56,64.96,1.82
DOHOL.IS,Industrials,315.14285,2022-10-17,8.03,8.03,-1.34,60.27,0.86
DOHOL.IS,Industrials,315.14285,2022-11-25,9.68,9.68,-2.63,81.25,1.4
DOHOL.IS,Industrials,315.14285,2022-12-12,10.47,17.75,-4.52,76.61,0.68
DOHOL.IS,Industrials,315.14285,2022-12-19,6.59,16.07,-1.6,66.51,0.2
DOHOL.IS,Industrials,315.14285,2023-01-02,1.38,1.38,-14.7,71.39,2.16
DOHOL.IS,Industrials,315.14285,2023-02-15,7.85,12.3,-7.38,13.51,0.0
DOHOL.IS,Industrials,315.14285,2023-05-11,1.63,1.63,-16.4,35.68,1.56
DOHOL.IS,Industrials,315.14285,2023-08-21,3.66,3.66,-13.7,51.26,2.87
SOKM.IS,Consumer Cyclical,5.3008704,2021-12-24,6.84,10.83,-3.69,31.84,0.76
SOKM.IS,Consumer Cyclical,5.3008704,2022-09-23,8.33,8.33,-12.28,71.45,0.64
SOKM.IS,Consumer Cyclical,5.3008704,2023-02-15,8.21,10.43,-4.27,24.59,0.0
SOKM.IS,Consumer Cyclical,5.3008704,2025-03-25,4.9,4.9,-4.08,36.52,1.66
AEFES.IS,Consumer Defensive,0.7046496,2022-03-29,6.18,10.73,-0.52,75.0,0.79
AEFES.IS,Consumer Defensive,0.7046496,2022-10-14,6.2,6.2,-3.76,54.0,1.07
AEFES.IS,Consumer Defensive,0.7046496,2023-02-15,6.24,8.58,-6.43,13.4,0.0
AEFES.IS,Consumer Defensive,0.7046496,2024-11-06,10.29,14.18,-1.33,43.41,0.93
AEFES.IS,Consumer Defensive,0.7046496,2025-05-12,4.84,4.84,-5.74,33.23,1.66
MGROS.IS,Consumer Defensive,8.354867,2022-01-04,3.02,4.0,-2.65,32.65,0.53
MGROS.IS,Consumer Defensive,8.354867,2022-08-10,12.86,23.15,0.23,78.95,0.95
MGROS.IS,Consumer Defensive,8.354867,2023-02-15,8.28,8.28,-9.23,26.43,0.0
MGROS.IS,Consumer Defensive,8.354867,2024-11-06,5.75,10.24,-1.09,38.6,0.98
TKFEN.IS,Basic Materials,6.186686,2021-12-14,14.2,14.2,-16.03,90.99,1.47
TKFEN.IS,Basic Materials,6.186686,2022-12-26,-2.51,2.41,-11.42,63.14,1.78
TKFEN.IS,Basic Materials,6.186686,2023-02-15,10.98,10.98,-5.01,16.87,0.0
TKFEN.IS,Basic Materials,6.186686,2023-06-02,12.07,16.02,-0.66,61.38,0.67
TKFEN.IS,Basic Materials,6.186686,2024-04-19,13.26,19.05,-1.38,54.71,1.9
TKFEN.IS,Basic Materials,6.186686,2024-10-10,24.72,30.34,-1.56,36.65,0.63
TKFEN.IS,Basic Materials,6.186686,2025-03-14,33.88,60.95,-0.41,87.02,1.18
TKFEN.IS,Basic Materials,6.186686,2025-03-17,31.02,55.08,-2.16,89.77,2.51
TKFEN.IS,Basic Materials,6.186686,2025-03-20,30.79,39.95,-0.34,83.39,1.55
TKFEN.IS,Basic Materials,6.186686,2025-03-26,14.9,14.9,-13.23,90.45,2.7
TKFEN.IS,Basic Materials,6.186686,2025-09-15,10.34,10.34,-3.41,1.21,3.25
GUBRF.IS,Basic Materials,1590.0,2021-10-18,19.5,33.64,-2.4,61.22,0.76
GUBRF.IS,Basic Materials,1590.0,2021-10-25,11.83,11.83,1.16,80.17,1.01
GUBRF.IS,Basic Materials,1590.0,2021-12-27,3.05,3.05,-8.5,40.24,0.64
GUBRF.IS,Basic Materials,1590.0,2022-09-14,6.09,10.69,-5.59,55.69,1.55
GUBRF.IS,Basic Materials,1590.0,2022-11-08,9.52,9.52,-5.65,64.93,0.89
GUBRF.IS,Basic Materials,1590.0,2022-11-29,4.91,8.4,-5.34,71.05,1.15
GUBRF.IS,Basic Materials,1590.0,2023-01-16,26.51,33.48,-0.1,48.95,0.78
GUBRF.IS,Basic Materials,1590.0,2023-01-23,5.51,5.51,-25.47,69.35,1.12
GUBRF.IS,Basic Materials,1590.0,2023-02-15,19.18,26.91,-13.95,15.45,0.0
GUBRF.IS,Basic Materials,1590.0,2023-02-20,18.23,23.26,0.7,15.46,0.76
GUBRF.IS,Basic Materials,1590.0,2023-02-21,12.09,12.09,-5.59,21.49,0.82
GUBRF.IS,Basic Materials,1590.0,2023-02-27,4.26,4.26,-9.5,36.69,0.52
GUBRF.IS,Basic Materials,1590.0,2023-08-29,7.26,9.0,-1.1,39.22,0.89
GUBRF.IS,Basic Materials,1590.0,2023-09-27,1.64,1.64,-7.12,46.89,0.92
GUBRF.IS,Basic Materials,1590.0,2023-12-29,16.64,16.64,-3.45,9.63,3.79
GUBRF.IS,Basic Materials,1590.0,2024-01-02,6.09,6.09,-12.36,14.56,9.57
GUBRF.IS,Basic Materials,1590.0,2024-02-08,40.19,40.19,2.15,63.16,1.16
GUBRF.IS,Basic Materials,1590.0,2024-02-12,23.12,23.12,3.84,75.69,2.3
GUBRF.IS,Basic Materials,1590.0,2024-02-13,11.98,11.98,-1.77,87.81,1.74
GUBRF.IS,Basic Materials,1590.0,2024-02-29,4.64,4.64,-10.52,62.4,0.41
GUBRF.IS,Basic Materials,1590.0,2024-03-27,7.1,7.1,-11.44,15.44,0.7
GUBRF.IS,Basic Materials,1590.0,2024-07-11,14.68,20.58,1.18,36.92,0.94
GUBRF.IS,Basic Materials,1590.0,2024-07-12,4.29,9.65,-7.99,60.5,2.64
GUBRF.IS,Basic Materials,1590.0,2024-07-24,9.2,9.2,-6.94,67.26,0.75
VESTL.IS,Consumer Cyclical,3.4983923,2021-03-23,23.2,23.2,1.38,52.4,1.62
VESTL.IS,Consumer Cyclical,3.4983923,2022-09-23,12.36,21.64,-0.73,51.76,0.88
VESTL.IS,Consumer Cyclical,3.4983923,2022-11-30,14.75,23.97,0.67,71.28,1.2
VESTL.IS,Consumer Cyclical,3.4983923,2023-02-15,9.5,9.5,-7.6,17.95,0.0
VESTL.IS,Consumer Cyclical,3.4983923,2023-05-29,12.83,21.26,-0.95,54.5,0.98
VESTL.IS,Consumer Cyclical,3.4983923,2024-01-29,22.82,61.28,-1.62,66.01,1.47
VESTL.IS,Consumer Cyclical,3.4983923,2024-01-30,18.14,54.82,-0.82,86.82,5.21
VESTL.IS,Consumer Cyclical,3.4983923,2024-02-06,31.05,31.05,3.04,87.82,1.04
VESTL.IS,Consumer Cyclical,3.4983923,2024-02-07,19.33,19.33,-4.85,91.11,0.61
VESTL.IS,Consumer Cyclical,3.4983923,2024-02-12,5.57,9.97,-12.42,89.53,2.09
VESTL.IS,Consumer Cyclical,3.4983923,2024-02-21,8.11,8.11,-9.53,72.24,0.94
VESTL.IS,Consumer Cyclical,3.4983923,2024-03-12,4.8,9.41,-11.19,42.03,0.28
VESTL.IS,Consumer Cyclical,3.4983923,2024-03-21,7.69,7.69,-11.07,42.31,0.2
VESTL.IS,Consumer Cyclical,3.4983923,2024-04-03,1.88,2.88,-7.54,49.87,0.8
VESTL.IS,Consumer Cyclical,3.4983923,2024-05-03,11.42,11.42,-4.1,55.43,0.79
VESTL.IS,Consumer Cyclical,3.4983923,2025-11-24,7.08,7.08,-6.01,22.59,0.55
KARSN.IS,Consumer Cyclical,N/A,2022-02-21,7.27,7.27,-10.03,37.14,1.1
KARSN.IS,Consumer Cyclical,N/A,2022-03-25,21.01,24.65,0.81,82.11,1.2
KARSN.IS,Consumer Cyclical,N/A,2022-05-26,17.34,20.16,-0.47,70.21,0.8
KARSN.IS,Consumer Cyclical,N/A,2022-09-15,0.97,0.97,-13.51,59.39,1.12
KARSN.IS,Consumer Cyclical,N/A,2022-11-14,26.33,28.93,2.16,66.02,2.58
KARSN.IS,Consumer Cyclical,N/A,2022-11-15,14.87,17.24,-7.11,82.01,0.79
KARSN.IS,Consumer Cyclical,N/A,2022-11-18,12.2,12.2,-3.75,81.31,1.14
KARSN.IS,Consumer Cyclical,N/A,2023-02-15,6.15,8.12,-11.6,11.4,0.0
KARSN.IS,Consumer Cyclical,N/A,2023-03-01,8.15,8.15,-4.18,50.84,1.05
KARSN.IS,Consumer Cyclical,N/A,2024-03-06,10.32,11.86,-3.53,50.33,1.29
KARSN.IS,Consumer Cyclical,N/A,2024-04-19,31.76,44.92,3.09,49.85,0.63
KARSN.IS,Consumer Cyclical,N/A,2024-04-22,31.77,31.77,4.54,68.67,0.64
KARSN.IS,Consumer Cyclical,N/A,2024-04-24,19.8,19.8,-4.88,74.79,1.1
KARSN.IS,Consumer Cyclical,N/A,2024-04-29,9.99,9.99,-1.86,75.45,2.54
KARSN.IS,Consumer Cyclical,N/A,2024-06-12,26.9,46.2,1.28,11.49,0.48
KARSN.IS,Consumer Cyclical,N/A,2024-06-13,19.37,32.99,-7.87,38.65,0.85
KARSN.IS,Consumer Cyclical,N/A,2024-06-21,26.72,26.72,2.43,53.05,2.42
KARSN.IS,Consumer Cyclical,N/A,2024-06-25,11.41,11.41,-13.0,72.06,5.85
KARSN.IS,Consumer Cyclical,N/A,2024-06-27,-0.11,-0.11,-21.91,79.57,2.97
KARSN.IS,Consumer Cyclical,N/A,2024-08-08,10.64,16.56,-2.69,26.24,0.61
KARSN.IS,Consumer Cyclical,N/A,2024-08-15,5.34,5.34,-4.75,37.55,0.59
KARSN.IS,Consumer Cyclical,N/A,2024-08-27,4.48,9.48,-4.07,63.89,0.48
KARSN.IS,Consumer Cyclical,N/A,2024-09-12,6.4,6.4,-2.41,49.84,0.73
KARSN.IS,Consumer Cyclical,N/A,2025-03-25,1.86,1.86,-4.44,47.12,0.85
KARSN.IS,Consumer Cyclical,N/A,2025-08-28,1.75,1.75,-9.4,63.53,0.87
OTKAR.IS,Consumer Cyclical,25.930101,2021-03-01,1.83,12.63,-5.53,,
OTKAR.IS,Consumer Cyclical,25.930101,2022-02-07,4.73,13.55,-2.99,54.34,0.47
OTKAR.IS,Consumer Cyclical,25.930101,2022-02-21,4.69,4.69,-13.23,61.89,0.63
OTKAR.IS,Consumer Cyclical,25.930101,2022-09-01,2.72,2.72,-6.66,52.47,0.59
OTKAR.IS,Consumer Cyclical,25.930101,2023-02-15,7.22,7.22,-6.85,24.44,0.0
OTKAR.IS,Consumer Cyclical,25.930101,2023-07-05,9.99,30.18,-0.13,51.46,1.55
OTKAR.IS,Consumer Cyclical,25.930101,2023-07-17,13.13,13.13,-1.21,87.19,1.18
OTKAR.IS,Consumer Cyclical,25.930101,2024-10-07,9.96,9.96,-2.92,32.95,0.83
ALARK.IS,Industrials,4.4583497,2022-01-27,11.09,11.09,0.23,75.99,1.26
ALARK.IS,Industrials,4.4583497,2023-01-27,4.79,4.79,-18.97,33.77,1.02
ALARK.IS,Industrials,4.4583497,2023-02-15,8.03,18.13,-6.26,32.82,0.0
ALARK.IS,Industrials,4.4583497,2023-07-31,12.3,20.46,-1.15,62.99,1.23
ALARK.IS,Industrials,4.4583497,2024-04-05,3.19,3.19,-10.22,55.0,0.73
ODAS.IS,Utilities,5.581818,2022-08-15,4.05,8.11,-6.76,59.54,1.42
ODAS.IS,Utilities,5.581818,2022-11-09,27.78,27.78,-1.23,66.48,0.62
ODAS.IS,Utilities,5.581818,2022-11-14,5.21,5.21,-15.81,86.3,1.44
ODAS.IS,Utilities,5.581818,2023-02-15,17.43,17.43,-9.75,9.3,0.0
ODAS.IS,Utilities,5.581818,2023-02-20,6.28,15.24,-6.55,34.29,0.83
ODAS.IS,Utilities,5.581818,2023-07-19,23.46,37.49,1.8,70.1,1.95
ODAS.IS,Utilities,5.581818,2023-07-20,18.67,25.0,-0.71,73.58,2.42
ODAS.IS,Utilities,5.581818,2023-07-26,13.01,13.01,1.48,68.6,1.44
ODAS.IS,Utilities,5.581818,2023-09-15,1.79,12.13,-10.67,34.35,1.07
ODAS.IS,Utilities,5.581818,2023-10-26,3.29,3.29,-15.85,38.38,1.62
ODAS.IS,Utilities,5.581818,2025-10-22,5.52,8.01,-4.63,27.93,0.73
ODAS.IS,Utilities,5.581818,2026-01-28,9.84,9.84,-4.84,51.85,0.82
ZOREN.IS,Utilities,-5.1142855,2022-09-21,22.98,22.98,-12.88,75.97,0.95
ZOREN.IS,Utilities,-5.1142855,2022-09-30,40.06,40.06,1.68,54.9,1.56
ZOREN.IS,Utilities,-5.1142855,2022-10-03,27.55,27.55,3.57,58.05,0.75
ZOREN.IS,Utilities,-5.1142855,2022-10-04,16.01,16.01,-7.42,64.57,0.28
ZOREN.IS,Utilities,-5.1142855,2022-10-05,5.49,5.49,-15.82,68.04,0.55
ZOREN.IS,Utilities,-5.1142855,2022-10-14,8.33,8.33,-3.15,43.8,0.12
ZOREN.IS,Utilities,-5.1142855,2022-11-03,17.19,57.67,-2.03,72.68,0.99
ZOREN.IS,Utilities,-5.1142855,2022-11-11,24.89,31.48,1.02,85.71,2.02
ZOREN.IS,Utilities,-5.1142855,2022-11-14,13.58,19.57,-6.39,93.33,2.78
ZOREN.IS,Utilities,-5.1142855,2023-02-15,7.13,16.98,-7.76,14.24,0.0
ZOREN.IS,Utilities,-5.1142855,2023-04-10,16.8,16.8,0.61,31.37,0.67
ZOREN.IS,Utilities,-5.1142855,2023-04-11,6.34,6.34,-8.4,57.58,2.45
ZOREN.IS,Utilities,-5.1142855,2023-08-14,18.76,18.76,0.44,41.67,0.74
ZOREN.IS,Utilities,-5.1142855,2023-08-15,8.03,8.03,-5.42,70.07,2.42
ZOREN.IS,Utilities,-5.1142855,2023-09-29,32.81,32.81,2.81,52.75,0.71
ZOREN.IS,Utilities,-5.1142855,2023-10-02,20.73,20.73,-1.91,63.64,1.28
ZOREN.IS,Utilities,-5.1142855,2023-10-03,9.87,9.87,-10.74,74.73,1.3
ZOREN.IS,Utilities,-5.1142855,2024-02-16,9.29,9.29,1.03,76.0,1.02
ZOREN.IS,Utilities,-5.1142855,2024-03-25,8.46,8.46,-8.46,48.47,0.84
CANTE.IS,Utilities,N/A,2021-05-26,9.62,9.62,-7.45,81.06,
CANTE.IS,Utilities,N/A,2021-06-29,6.52,15.77,-4.63,70.88,1.05
CANTE.IS,Utilities,N/A,2021-08-09,3.09,8.34,-2.5,52.52,1.02
CANTE.IS,Utilities,N/A,2021-08-26,2.7,2.7,-4.13,96.0,1.52
CANTE.IS,Utilities,N/A,2022-04-08,10.06,13.99,-4.45,87.78,1.31
CANTE.IS,Utilities,N/A,2022-08-01,34.73,45.17,3.13,62.8,0.49
CANTE.IS,Utilities,N/A,2022-08-02,32.07,32.07,-0.55,65.88,0.59
CANTE.IS,Utilities,N/A,2022-08-05,18.47,19.32,-0.99,59.46,1.22
CANTE.IS,Utilities,N/A,2022-08-08,7.75,18.35,-9.95,68.21,1.97
CANTE.IS,Utilities,N/A,2022-08-22,9.5,9.5,-8.62,77.12,0.52
CANTE.IS,Utilities,N/A,2022-09-16,13.05,51.75,0.06,11.35,0.39
CANTE.IS,Utilities,N/A,2022-09-27,27.59,35.84,1.74,83.04,1.74
CANTE.IS,Utilities,N/A,2022-09-28,16.0,23.5,-4.92,89.54,2.71
CANTE.IS,Utilities,N/A,2022-10-10,-0.81,-0.81,-12.15,91.37,0.87
CANTE.IS,Utilities,N/A,2022-10-26,10.8,12.5,-1.99,45.98,0.25
CANTE.IS,Utilities,N/A,2022-10-27,0.78,2.33,-10.85,58.91,1.26
CANTE.IS,Utilities,N/A,2023-01-02,0.7,0.7,-19.09,47.49,1.69
CANTE.IS,Utilities,N/A,2023-02-15,5.08,26.0,-13.69,8.42,0.0
CANTE.IS,Utilities,N/A,2023-02-22,19.91,19.91,-3.44,16.47,1.92
CANTE.IS,Utilities,N/A,2023-02-23,9.05,9.05,-12.18,21.51,1.62
CANTE.IS,Utilities,N/A,2023-03-09,8.21,8.21,-20.9,61.69,0.53
CANTE.IS,Utilities,N/A,2023-04-25,9.29,9.29,-16.25,43.32,0.2
CANTE.IS,Utilities,N/A,2023-05-22,27.69,27.69,4.44,42.13,1.61
CANTE.IS,Utilities,N/A,2023-05-23,16.17,16.17,-0.75,49.61,1.29
CANTE.IS,Utilities,N/A,2023-05-24,5.64,5.64,-9.74,68.08,1.69
CANTE.IS,Utilities,N/A,2023-06-14,17.72,22.98,-3.64,42.33,0.8
CANTE.IS,Utilities,N/A,2023-06-21,4.47,14.5,-7.22,81.42,0.92
CANTE.IS,Utilities,N/A,2023-09-25,12.48,12.48,-0.95,40.95,1.11
CANTE.IS,Utilities,N/A,2023-12-04,7.87,7.87,-11.13,55.84,0.61
CANTE.IS,Utilities,N/A,2024-03-25,5.35,5.35,-7.84,37.53,0.65
CANTE.IS,Utilities,N/A,2024-04-15,7.39,7.39,-9.21,58.52,0.0
CANTE.IS,Utilities,N/A,2025-07-28,20.53,28.95,-5.79,66.67,1.17
CANTE.IS,Utilities,N/A,2025-07-29,9.57,17.22,-14.35,82.69,3.34
CANTE.IS,Utilities,N/A,2025-08-21,8.63,8.63,-5.49,70.31,1.48
CANTE.IS,Utilities,N/A,2025-11-13,3.69,3.69,-8.61,52.5,1.74
SMRTG.IS,Technology,N/A,2022-04-19,12.57,19.21,-1.05,65.75,
SMRTG.IS,Technology,N/A,2022-05-06,29.3,29.3,1.46,78.42,0.65
SMRTG.IS,Technology,N/A,2022-05-09,17.58,17.58,-7.37,83.38,1.45
SMRTG.IS,Technology,N/A,2022-05-12,8.44,8.44,-14.66,80.24,0.78
SMRTG.IS,Technology,N/A,2022-07-06,35.02,35.02,5.37,59.5,2.14
SMRTG.IS,Technology,N/A,2022-07-07,22.81,22.81,2.77,68.36,2.23
SMRTG.IS,Technology,N/A,2022-07-13,6.04,6.04,-7.8,72.2,5.31
SMRTG.IS,Technology,N/A,2022-08-31,19.44,19.44,5.5,45.91,1.49
SMRTG.IS,Technology,N/A,2022-09-01,8.6,8.6,-2.72,59.11,0.45
SMRTG.IS,Technology,N/A,2022-09-19,38.97,57.57,-0.17,73.54,0.42
SMRTG.IS,Technology,N/A,2022-09-21,39.6,63.78,1.06,74.06,2.03
SMRTG.IS,Technology,N/A,2022-09-22,26.99,48.99,-2.89,75.24,1.23
SMRTG.IS,Technology,N/A,2022-09-26,13.38,33.02,-10.8,80.98,1.87
SMRTG.IS,Technology,N/A,2022-09-30,30.37,50.31,2.61,69.97,1.33
SMRTG.IS,Technology,N/A,2022-10-03,18.55,44.77,0.91,75.17,1.0
SMRTG.IS,Technology,N/A,2022-10-04,7.94,44.89,-7.17,81.14,0.92
SMRTG.IS,Technology,N/A,2022-10-12,40.7,81.61,-4.99,77.34,0.27
SMRTG.IS,Technology,N/A,2022-10-14,60.81,71.61,9.96,73.66,0.41
SMRTG.IS,Technology,N/A,2022-10-17,56.07,65.61,4.43,74.84,0.38
SMRTG.IS,Technology,N/A,2022-10-18,41.98,65.64,2.1,76.94,0.11
SMRTG.IS,Technology,N/A,2022-10-19,29.08,50.6,1.75,83.69,0.36
SMRTG.IS,Technology,N/A,2022-10-20,17.39,36.96,-7.46,91.22,0.41
SMRTG.IS,Technology,N/A,2022-10-21,6.72,24.51,-15.88,91.89,0.07
SMRTG.IS,Technology,N/A,2022-10-25,21.31,21.31,-6.16,82.37,0.84
SMRTG.IS,Technology,N/A,2022-10-31,9.95,36.24,-10.53,82.69,0.18
SMRTG.IS,Technology,N/A,2022-11-01,-1.16,36.3,-18.62,84.37,0.56
SMRTG.IS,Technology,N/A,2022-11-08,52.34,67.47,9.99,63.72,0.46
SMRTG.IS,Technology,N/A,2022-11-09,52.26,52.26,10.0,64.67,0.27
SMRTG.IS,Technology,N/A,2022-11-10,38.42,38.42,1.96,65.69,0.19
SMRTG.IS,Technology,N/A,2022-11-14,20.92,20.92,-11.7,72.84,0.55
SMRTG.IS,Technology,N/A,2022-11-15,9.94,9.94,-19.72,74.02,0.46
SMRTG.IS,Technology,N/A,2022-11-16,0.0,0.0,-26.98,78.88,0.55
SMRTG.IS,Technology,N/A,2022-11-21,8.16,8.16,-21.12,62.26,0.39
SMRTG.IS,Technology,N/A,2022-11-28,18.72,18.72,-1.37,57.57,0.85
SMRTG.IS,Technology,N/A,2022-12-08,17.62,17.62,-6.7,38.71,2.53
SMRTG.IS,Technology,N/A,2022-12-09,6.97,6.97,-15.16,46.31,2.97
SMRTG.IS,Technology,N/A,2023-01-16,12.59,12.59,-4.54,34.5,0.32
SMRTG.IS,Technology,N/A,2023-02-15,9.3,28.27,-6.32,10.43,0.0
SMRTG.IS,Technology,N/A,2023-02-23,30.84,31.6,-3.95,37.86,1.92
SMRTG.IS,Technology,N/A,2023-03-01,10.15,10.15,-3.42,58.55,2.21
SMRTG.IS,Technology,N/A,2023-04-10,5.9,5.9,-11.55,25.35,1.31
SMRTG.IS,Technology,N/A,2023-05-17,18.23,30.27,-5.23,31.48,1.0
SMRTG.IS,Technology,N/A,2023-05-24,17.76,21.89,4.94,41.29,0.7
SMRTG.IS,Technology,N/A,2023-05-25,10.19,10.86,-1.81,57.76,1.12
SMRTG.IS,Technology,N/A,2023-07-17,31.91,42.31,-6.33,76.47,0.98
SMRTG.IS,Technology,N/A,2023-07-21,18.61,52.7,-0.52,79.66,1.86
SMRTG.IS,Technology,N/A,2023-07-24,7.88,38.88,-9.52,83.4,0.98
SMRTG.IS,Technology,N/A,2023-07-31,38.54,38.54,-0.78,68.41,1.07
SMRTG.IS,Technology,N/A,2023-08-02,17.15,17.15,1.18,82.36,2.47
SMRTG.IS,Technology,N/A,2023-08-03,6.51,6.51,-10.27,84.88,1.2
SMRTG.IS,Technology,N/A,2023-08-25,8.23,8.23,-3.66,34.2,0.55
SMRTG.IS,Technology,N/A,2023-09-21,27.18,27.18,-1.54,39.2,0.9
SMRTG.IS,Technology,N/A,2023-09-25,13.31,13.31,-11.14,53.57,2.05
SMRTG.IS,Technology,N/A,2023-10-10,2.48,2.48,-9.93,50.68,0.39
SMRTG.IS,Technology,N/A,2023-12-26,17.94,17.94,-2.14,26.31,0.66
SMRTG.IS,Technology,N/A,2024-01-02,4.44,4.44,-5.19,45.75,0.91
SMRTG.IS,Technology,N/A,2024-02-07,7.2,7.2,-4.96,77.68,1.58
SMRTG.IS,Technology,N/A,2024-10-22,7.49,7.49,-1.23,36.59,0.68
SMRTG.IS,Technology,N/A,2025-07-09,5.92,5.92,-2.25,59.25,0.8
SMRTG.IS,Technology,N/A,2025-12-03,11.4,11.4,-0.86,52.05,0.59
KONTR.IS,Industrials,N/A,2021-03-01,32.97,32.97,4.04,,
KONTR.IS,Industrials,N/A,2021-03-02,20.91,20.91,-5.23,,
KONTR.IS,Industrials,N/A,2021-03-03,9.96,9.96,-13.81,,
KONTR.IS,Industrials,N/A,2021-03-05,9.81,9.81,-6.64,46.01,
KONTR.IS,Industrials,N/A,2021-03-31,19.78,19.78,-0.76,19.15,0.81
KONTR.IS,Industrials,N/A,2021-04-01,8.93,8.93,-9.75,27.59,0.38
KONTR.IS,Industrials,N/A,2021-04-22,30.93,40.6,-5.02,11.33,0.69
KONTR.IS,Industrials,N/A,2021-04-26,22.82,27.88,4.48,19.85,1.09
KONTR.IS,Industrials,N/A,2021-04-27,16.3,16.3,-3.25,30.87,0.61
KONTR.IS,Industrials,N/A,2021-06-01,9.99,9.99,-6.75,21.29,0.65
KONTR.IS,Industrials,N/A,2021-06-17,4.61,9.07,-6.21,46.56,0.72
KONTR.IS,Industrials,N/A,2021-09-01,16.02,25.96,1.97,27.24,1.44
KONTR.IS,Industrials,N/A,2021-09-02,14.58,14.58,-7.25,46.67,1.25
KONTR.IS,Industrials,N/A,2021-09-08,8.57,8.57,-4.21,54.06,0.57
KONTR.IS,Industrials,N/A,2022-01-26,22.85,33.79,5.18,83.88,2.01
KONTR.IS,Industrials,N/A,2022-01-27,11.72,21.67,-2.04,86.23,0.51
KONTR.IS,Industrials,N/A,2022-08-05,8.57,12.91,-3.07,59.82,1.45
KONTR.IS,Industrials,N/A,2022-08-29,22.49,22.49,2.72,75.35,1.57
KONTR.IS,Industrials,N/A,2022-09-27,19.88,56.2,-5.25,78.97,1.57
KONTR.IS,Industrials,N/A,2022-10-03,28.71,51.95,0.94,79.68,1.21
KONTR.IS,Industrials,N/A,2022-10-10,18.06,18.06,2.55,94.1,0.85
KONTR.IS,Industrials,N/A,2022-10-11,7.33,7.33,-5.45,94.99,1.84
KONTR.IS,Industrials,N/A,2022-10-31,31.43,81.56,1.58,60.4,0.16
KONTR.IS,Industrials,N/A,2022-11-01,26.78,81.65,0.09,61.18,0.96
KONTR.IS,Industrials,N/A,2022-11-08,43.27,68.06,1.1,81.85,0.74
KONTR.IS,Industrials,N/A,2022-11-09,43.35,52.86,-2.06,89.41,0.94
KONTR.IS,Industrials,N/A,2022-11-11,41.91,41.91,3.15,89.31,1.21
KONTR.IS,Industrials,N/A,2022-11-14,29.01,29.01,-11.34,93.75,0.97
KONTR.IS,Industrials,N/A,2022-11-15,17.3,17.3,-19.39,94.68,0.48
KONTR.IS,Industrials,N/A,2022-11-16,6.63,6.63,-26.72,95.98,1.23
KONTR.IS,Industrials,N/A,2022-11-21,18.12,18.12,-18.22,72.87,0.36
KONTR.IS,Industrials,N/A,2022-11-22,7.38,7.38,-25.65,74.06,1.83
KONTR.IS,Industrials,N/A,2022-12-06,32.99,32.99,-6.87,34.67,0.45
KONTR.IS,Industrials,N/A,2022-12-09,7.83,7.83,-16.34,48.44,0.27
KONTR.IS,Industrials,N/A,2023-02-15,9.23,23.62,-3.39,13.19,0.0
KONTR.IS,Industrials,N/A,2023-02-23,9.0,9.57,-4.12,50.28,4.73
KONTR.IS,Industrials,N/A,2023-04-27,4.58,4.58,-21.5,38.85,0.77
KONTR.IS,Industrials,N/A,2023-05-31,9.93,11.82,-1.54,76.27,0.96
KONTR.IS,Industrials,N/A,2023-07-24,-0.27,17.33,-16.57,74.75,2.04
KONTR.IS,Industrials,N/A,2023-07-31,24.82,43.31,-3.67,56.56,0.73
KONTR.IS,Industrials,N/A,2023-08-02,27.13,31.41,3.1,64.63,1.76
KONTR.IS,Industrials,N/A,2023-08-03,15.61,19.51,-6.24,69.46,1.69
KONTR.IS,Industrials,N/A,2023-08-08,12.28,12.28,-3.7,72.18,1.12
KONTR.IS,Industrials,N/A,2023-08-25,8.59,8.59,-1.54,50.62,0.56
KONTR.IS,Industrials,N/A,2023-09-21,20.78,20.78,3.61,45.36,0.58
KONTR.IS,Industrials,N/A,2023-09-22,9.82,9.82,-0.47,57.47,1.14
KONTR.IS,Industrials,N/A,2023-10-10,2.4,2.4,-13.34,52.51,0.6
KONTR.IS,Industrials,N/A,2023-10-23,8.71,8.71,-7.57,31.79,0.78
KONTR.IS,Industrials,N/A,2023-11-06,3.34,3.34,-5.36,42.66,0.63
KONTR.IS,Industrials,N/A,2024-01-02,9.97,9.97,-4.15,48.36,1.2
KONTR.IS,Industrials,N/A,2024-02-21,7.8,7.8,-8.65,66.96,1.2
KONTR.IS,Industrials,N/A,2024-05-02,5.01,5.01,-9.44,55.57,0.79
KONTR.IS,Industrials,N/A,2024-07-19,1.26,21.43,-13.54,49.69,0.86
KONTR.IS,Industrials,N/A,2024-07-26,26.07,26.07,-1.21,52.52,0.81
KONTR.IS,Industrials,N/A,2024-07-29,14.65,14.65,-9.31,61.57,2.01
KONTR.IS,Industrials,N/A,2024-08-19,3.86,3.86,-8.79,26.46,0.54
KONTR.IS,Industrials,N/A,2025-03-06,6.45,6.45,-4.87,33.69,1.03
KONTR.IS,Industrials,N/A,2025-07-01,3.22,3.22,-5.83,22.4,1.56
KONTR.IS,Industrials,N/A,2025-08-18,10.22,20.65,-2.9,54.37,1.91
KONTR.IS,Industrials,N/A,2025-08-25,9.47,9.47,-11.11,60.69,1.0
KONTR.IS,Industrials,N/A,2025-09-17,35.53,35.53,4.14,36.89,1.18
KONTR.IS,Industrials,N/A,2025-09-18,23.22,23.22,-3.46,55.5,2.63
KONTR.IS,Industrials,N/A,2025-09-22,6.68,6.68,-4.81,73.51,6.1
KONTR.IS,Industrials,N/A,2025-10-13,7.3,7.3,-10.58,20.76,0.56
KONTR.IS,Industrials,N/A,2025-10-31,8.57,8.57,-6.16,43.77,0.74
KONTR.IS,Industrials,N/A,2025-11-21,20.99,20.99,4.14,25.94,0.82
KONTR.IS,Industrials,N/A,2025-11-24,9.99,9.99,-48.84,43.32,1.46
YEOTK.IS,Industrials,N/A,2021-09-21,61.0,77.09,10.0,,
YEOTK.IS,Industrials,N/A,2021-09-22,60.99,60.99,2.48,,
YEOTK.IS,Industrials,N/A,2021-09-23,46.36,46.36,2.18,95.72,
YEOTK.IS,Industrials,N/A,2021-09-24,33.06,36.48,-5.6,96.26,
YEOTK.IS,Industrials,N/A,2021-09-27,20.99,24.1,-20.5,96.58,
YEOTK.IS,Industrials,N/A,2021-09-28,9.99,12.82,-27.72,96.87,
YEOTK.IS,Industrials,N/A,2021-10-04,30.93,30.93,-3.41,71.04,0.38
YEOTK.IS,Industrials,N/A,2021-10-07,9.42,9.42,-20.92,71.34,0.23
YEOTK.IS,Industrials,N/A,2021-10-22,9.52,9.52,-3.58,43.27,1.9
YEOTK.IS,Industrials,N/A,2021-11-25,19.8,19.8,-2.34,30.71,1.68
YEOTK.IS,Industrials,N/A,2021-11-26,8.92,8.92,-11.21,40.29,1.45
YEOTK.IS,Industrials,N/A,2021-12-28,4.8,4.8,-9.34,33.05,0.87
YEOTK.IS,Industrials,N/A,2022-01-26,13.96,13.96,-7.18,48.96,4.12
YEOTK.IS,Industrials,N/A,2022-01-27,3.64,3.64,-15.59,69.81,2.66
YEOTK.IS,Industrials,N/A,2022-02-02,7.73,7.73,-3.71,56.7,0.65
YEOTK.IS,Industrials,N/A,2022-03-16,19.28,19.28,5.87,23.55,0.49
YEOTK.IS,Industrials,N/A,2022-03-17,8.45,8.45,-3.75,62.09,0.41
YEOTK.IS,Industrials,N/A,2022-07-06,24.79,41.16,-2.78,47.17,0.51
YEOTK.IS,Industrials,N/A,2022-07-13,25.8,34.5,-1.85,60.24,0.61
YEOTK.IS,Industrials,N/A,2022-07-27,4.57,12.2,-18.65,83.87,0.75
YEOTK.IS,Industrials,N/A,2022-08-03,19.07,19.07,-1.73,64.1,1.58
YEOTK.IS,Industrials,N/A,2022-08-04,8.3,8.3,-10.62,65.09,1.14
YEOTK.IS,Industrials,N/A,2022-10-10,35.9,82.43,1.52,79.45,1.28
YEOTK.IS,Industrials,N/A,2022-10-12,43.4,59.2,-6.27,86.83,2.24
YEOTK.IS,Industrials,N/A,2022-10-14,47.61,47.61,5.05,87.12,1.12
YEOTK.IS,Industrials,N/A,2022-10-17,34.24,34.24,1.03,89.54,2.33
YEOTK.IS,Industrials,N/A,2022-10-18,22.07,22.07,-6.48,91.56,0.88
YEOTK.IS,Industrials,N/A,2022-10-19,11.01,11.01,-14.96,93.3,1.76
YEOTK.IS,Industrials,N/A,2022-11-09,56.33,70.37,0.86,60.37,0.36
YEOTK.IS,Industrials,N/A,2022-11-11,44.95,44.95,0.06,71.01,0.63
YEOTK.IS,Industrials,N/A,2022-11-14,31.78,31.78,-11.79,83.07,0.67
YEOTK.IS,Industrials,N/A,2022-11-15,19.84,19.84,-19.79,84.57,0.36
YEOTK.IS,Industrials,N/A,2022-11-16,8.97,8.97,-27.06,92.1,0.59
YEOTK.IS,Industrials,N/A,2022-11-21,20.9,20.9,-17.62,71.88,0.39
YEOTK.IS,Industrials,N/A,2022-11-22,10.0,10.0,-25.05,73.88,0.99
YEOTK.IS,Industrials,N/A,2022-12-09,8.95,8.95,-6.47,40.65,0.52
YEOTK.IS,Industrials,N/A,2023-02-03,9.91,9.91,-10.85,26.56,0.66
YEOTK.IS,Industrials,N/A,2023-02-15,7.41,11.95,-11.36,25.6,0.0
YEOTK.IS,Industrials,N/A,2023-02-23,13.51,24.58,-6.04,41.52,1.37
YEOTK.IS,Industrials,N/A,2023-03-06,7.69,19.22,-4.5,63.51,0.94
YEOTK.IS,Industrials,N/A,2023-04-10,11.08,11.08,-6.44,39.41,0.68
YEOTK.IS,Industrials,N/A,2023-06-12,8.4,8.4,-12.6,78.75,1.62
YEOTK.IS,Industrials,N/A,2023-07-03,11.87,28.08,-4.23,68.29,0.51
YEOTK.IS,Industrials,N/A,2023-07-17,46.51,46.51,2.29,93.05,1.97
YEOTK.IS,Industrials,N/A,2023-07-18,33.19,37.11,-7.01,94.2,1.35
YEOTK.IS,Industrials,N/A,2023-07-20,20.98,40.91,-1.14,94.91,3.36
YEOTK.IS,Industrials,N/A,2023-07-21,9.99,29.68,-10.12,95.65,1.93
YEOTK.IS,Industrials,N/A,2023-07-24,0.0,17.91,-18.28,96.02,1.65
YEOTK.IS,Industrials,N/A,2023-07-31,24.95,27.41,-2.46,73.09,0.74
YEOTK.IS,Industrials,N/A,2023-08-02,12.02,12.02,-6.53,77.51,1.27
YEOTK.IS,Industrials,N/A,2023-08-08,4.35,4.35,-18.8,69.98,0.64
YEOTK.IS,Industrials,N/A,2023-09-11,8.39,34.9,-16.68,58.62,1.11
YEOTK.IS,Industrials,N/A,2023-09-19,60.94,63.8,1.09,54.24,0.61
YEOTK.IS,Industrials,N/A,2023-09-20,48.96,48.96,-0.52,64.01,1.0
YEOTK.IS,Industrials,N/A,2023-09-21,35.42,35.42,-2.46,67.61,0.72
YEOTK.IS,Industrials,N/A,2023-09-22,23.12,23.12,0.3,70.22,2.18
YEOTK.IS,Industrials,N/A,2023-09-25,11.94,11.94,-8.81,74.23,0.68
YEOTK.IS,Industrials,N/A,2023-09-27,-1.43,-1.43,-18.53,76.69,2.76
YEOTK.IS,Industrials,N/A,2023-10-10,15.56,15.56,-15.03,63.52,0.46
YEOTK.IS,Industrials,N/A,2023-10-23,20.82,20.82,-0.33,33.52,0.56
YEOTK.IS,Industrials,N/A,2023-10-24,9.87,9.87,-9.36,38.8,0.76
YEOTK.IS,Industrials,N/A,2023-10-26,9.36,9.36,-5.65,42.46,1.49
YEOTK.IS,Industrials,N/A,2023-12-12,3.01,3.01,-14.69,22.06,0.58
YEOTK.IS,Industrials,N/A,2024-01-02,23.71,32.39,-3.15,39.39,1.21
YEOTK.IS,Industrials,N/A,2024-01-08,17.69,17.69,1.67,45.34,0.7
YEOTK.IS,Industrials,N/A,2024-01-09,7.02,7.02,-8.98,59.55,1.33
YEOTK.IS,Industrials,N/A,2024-02-07,7.97,7.97,-9.6,68.42,1.25
YEOTK.IS,Industrials,N/A,2024-06-14,10.24,10.24,-4.27,25.41,0.63
YEOTK.IS,Industrials,N/A,2024-06-24,2.28,2.28,-13.16,54.95,1.19
YEOTK.IS,Industrials,N/A,2024-10-07,5.29,5.29,-8.92,20.48,1.25
YEOTK.IS,Industrials,N/A,2024-10-21,10.75,18.81,-2.81,41.67,0.5
YEOTK.IS,Industrials,N/A,2025-03-25,-2.59,-2.59,-12.19,54.56,1.76
YEOTK.IS,Industrials,N/A,2025-11-05,3.04,3.04,-6.92,59.08,0.9
EUPWR.IS,Industrials,N/A,2023-05-16,12.39,27.57,-4.95,67.39,
EUPWR.IS,Industrials,N/A,2023-05-17,2.19,16.0,-13.57,68.49,
EUPWR.IS,Industrials,N/A,2023-05-22,2.78,14.21,-15.43,60.28,
EUPWR.IS,Industrials,N/A,2023-05-29,11.12,11.12,-1.19,58.65,0.56
EUPWR.IS,Industrials,N/A,2023-07-07,42.69,76.92,2.98,65.28,1.32
EUPWR.IS,Industrials,N/A,2023-07-10,37.59,68.09,-1.14,80.24,1.8
EUPWR.IS,Industrials,N/A,2023-07-13,22.63,41.7,0.07,94.15,2.25
EUPWR.IS,Industrials,N/A,2023-07-19,27.05,37.52,2.47,87.21,1.45
EUPWR.IS,Industrials,N/A,2023-07-20,15.55,29.27,-3.61,88.99,1.14
EUPWR.IS,Industrials,N/A,2023-07-24,1.61,13.68,-15.24,91.03,1.63
EUPWR.IS,Industrials,N/A,2023-07-31,13.32,13.32,-6.53,75.25,0.69
EUPWR.IS,Industrials,N/A,2023-08-25,29.83,37.0,-0.7,37.26,0.55
EUPWR.IS,Industrials,N/A,2023-09-01,16.03,16.03,-0.87,58.85,1.17
EUPWR.IS,Industrials,N/A,2023-09-04,5.53,5.53,-13.29,62.4,1.59
EUPWR.IS,Industrials,N/A,2023-09-21,12.66,12.66,0.57,52.93,0.61
EUPWR.IS,Industrials,N/A,2024-02-07,4.15,4.15,-10.89,61.93,1.67
EUPWR.IS,Industrials,N/A,2024-10-22,26.11,34.69,-1.48,45.74,0.5
EUPWR.IS,Industrials,N/A,2024-10-28,7.09,12.19,-3.81,58.54,1.2
EUPWR.IS,Industrials,N/A,2025-01-28,6.07,6.07,-3.96,56.89,2.7
EUPWR.IS,Industrials,N/A,2025-07-09,19.4,19.4,5.96,59.72,0.7
EUPWR.IS,Industrials,N/A,2025-07-10,8.57,8.57,-2.96,69.53,1.4
EUPWR.IS,Industrials,N/A,2026-01-12,14.09,14.09,-1.49,61.39,1.2
ASTOR.IS,Industrials,19.011566,2023-02-15,17.06,54.23,-11.35,69.29,
ASTOR.IS,Industrials,19.011566,2023-02-20,40.45,57.27,-1.7,61.4,
ASTOR.IS,Industrials,19.011566,2023-02-23,26.76,52.96,0.47,59.43,1.05
ASTOR.IS,Industrials,19.011566,2023-03-06,23.08,49.82,0.63,84.27,0.86
ASTOR.IS,Industrials,19.011566,2023-03-07,14.59,36.23,-8.49,86.61,0.86
ASTOR.IS,Industrials,19.011566,2023-03-16,14.41,14.41,-7.88,82.17,0.88
ASTOR.IS,Industrials,19.011566,2023-03-17,4.01,4.01,-16.26,83.83,1.15
ASTOR.IS,Industrials,19.011566,2023-05-04,7.04,15.93,-11.06,14.55,1.17
ASTOR.IS,Industrials,19.011566,2023-05-16,12.24,14.78,0.85,35.36,1.33
ASTOR.IS,Industrials,19.011566,2023-05-17,2.12,9.63,-8.25,47.92,1.66
ASTOR.IS,Industrials,19.011566,2023-06-27,27.54,29.5,-0.08,65.39,1.62
ASTOR.IS,Industrials,19.011566,2023-07-06,10.53,15.22,-0.32,81.1,1.24
ASTOR.IS,Industrials,19.011566,2023-07-20,26.09,34.34,1.78,78.67,1.2
ASTOR.IS,Industrials,19.011566,2023-07-24,6.0,12.93,-12.0,82.2,1.8
ASTOR.IS,Industrials,19.011566,2023-07-31,8.17,27.65,-4.04,69.52,0.75
ASTOR.IS,Industrials,19.011566,2023-08-25,20.73,20.73,2.23,51.25,0.78
ASTOR.IS,Industrials,19.011566,2023-10-27,5.99,5.99,-7.88,37.81,1.02
ASTOR.IS,Industrials,19.011566,2024-01-02,6.65,6.65,-4.97,35.66,0.89
CWENE.IS,Technology,N/A,2023-07-20,20.58,47.81,-0.75,84.93,0.97
CWENE.IS,Technology,N/A,2023-07-24,3.77,27.92,-13.76,91.33,1.5
CWENE.IS,Technology,N/A,2023-07-31,24.43,33.45,-2.55,71.63,0.64
CWENE.IS,Technology,N/A,2023-08-08,8.28,8.28,-5.56,75.08,0.9
CWENE.IS,Technology,N/A,2023-09-04,7.97,7.97,-9.87,48.09,0.75
CWENE.IS,Technology,N/A,2023-11-06,-0.0,-0.0,-10.52,39.16,0.6
CWENE.IS,Technology,N/A,2024-07-22,19.54,19.54,2.75,50.0,1.17
CWENE.IS,Technology,N/A,2024-07-23,8.75,8.75,-6.88,70.87,2.65
CWENE.IS,Technology,N/A,2024-08-19,3.54,3.54,-7.66,27.45,0.52
CWENE.IS,Technology,N/A,2024-10-22,13.49,13.49,-2.23,33.94,0.64
CWENE.IS,Technology,N/A,2025-07-03,8.84,9.95,-2.22,48.62,1.12
CWENE.IS,Technology,N/A,2025-09-17,21.64,26.32,3.69,42.66,1.06
CWENE.IS,Technology,N/A,2025-09-18,10.61,19.67,-4.9,59.34,1.96
CWENE.IS,Technology,N/A,2025-09-22,2.95,15.99,-9.76,65.91,4.68
CWENE.IS,Technology,N/A,2025-10-06,7.33,7.33,-7.98,79.46,0.62
CWENE.IS,Technology,N/A,2025-11-20,2.57,9.22,-8.39,54.76,0.71
CWENE.IS,Technology,N/A,2026-01-29,2.68,2.68,-10.72,84.53,1.12
ALFAS.IS,Technology,N/A,2022-11-30,39.84,103.79,4.63,,
ALFAS.IS,Technology,N/A,2022-12-01,31.75,88.36,-4.86,,
ALFAS.IS,Technology,N/A,2022-12-02,28.66,71.24,-10.18,,
ALFAS.IS,Technology,N/A,2022-12-05,26.6,55.69,-18.34,,
ALFAS.IS,Technology,N/A,2022-12-07,54.7,57.25,-4.74,87.66,
ALFAS.IS,Technology,N/A,2022-12-12,22.98,24.15,-7.38,89.65,
ALFAS.IS,Technology,N/A,2022-12-13,11.81,12.88,-15.8,90.41,
ALFAS.IS,Technology,N/A,2022-12-20,18.93,18.93,-8.27,70.27,0.8
ALFAS.IS,Technology,N/A,2022-12-21,8.14,8.14,-18.89,71.43,0.71
ALFAS.IS,Technology,N/A,2022-12-28,3.33,3.33,-12.49,58.62,0.68
ALFAS.IS,Technology,N/A,2023-01-17,6.68,6.68,-12.38,38.82,2.34
ALFAS.IS,Technology,N/A,2023-02-03,7.71,7.71,-14.32,31.15,1.22
ALFAS.IS,Technology,N/A,2023-02-15,8.79,17.11,-17.97,20.34,0.0
ALFAS.IS,Technology,N/A,2023-02-28,20.49,44.77,3.34,50.88,1.0
ALFAS.IS,Technology,N/A,2023-03-01,9.56,31.64,-3.49,58.6,0.23
ALFAS.IS,Technology,N/A,2023-03-13,28.39,40.35,2.13,75.52,2.15
ALFAS.IS,Technology,N/A,2023-03-16,17.3,22.94,-8.56,84.63,1.6
ALFAS.IS,Technology,N/A,2023-03-17,11.77,11.77,-16.87,90.76,1.58
ALFAS.IS,Technology,N/A,2023-04-05,17.77,17.77,3.07,46.74,0.59
ALFAS.IS,Technology,N/A,2023-04-06,7.07,7.07,-8.06,46.41,0.74
ALFAS.IS,Technology,N/A,2023-04-26,7.48,7.48,-10.32,56.89,0.56
ALFAS.IS,Technology,N/A,2023-05-11,33.62,33.62,0.82,28.47,0.92
ALFAS.IS,Technology,N/A,2023-05-25,9.73,22.69,-2.13,45.66,0.84
ALFAS.IS,Technology,N/A,2023-06-07,19.52,24.31,-2.03,50.35,0.6
ALFAS.IS,Technology,N/A,2023-06-12,12.95,12.95,-2.9,69.75,0.87
ALFAS.IS,Technology,N/A,2023-07-10,21.68,54.62,0.16,61.9,1.43
ALFAS.IS,Technology,N/A,2023-07-11,16.62,46.19,-3.81,67.65,1.14
ALFAS.IS,Technology,N/A,2023-07-24,9.68,17.77,-10.45,90.46,1.03
ALFAS.IS,Technology,N/A,2023-07-31,7.37,7.37,-7.31,82.03,0.59
ALFAS.IS,Technology,N/A,2023-08-23,41.04,65.93,-5.71,33.9,0.68
ALFAS.IS,Technology,N/A,2023-08-25,56.45,56.45,3.65,42.82,1.35
ALFAS.IS,Technology,N/A,2023-08-28,42.23,42.23,3.33,56.11,0.8
ALFAS.IS,Technology,N/A,2023-08-29,29.38,29.38,3.5,61.48,0.5
ALFAS.IS,Technology,N/A,2023-08-31,17.65,17.65,-0.28,67.71,0.83
ALFAS.IS,Technology,N/A,2023-09-01,6.99,6.99,-13.15,76.31,0.36
ALFAS.IS,Technology,N/A,2023-09-12,8.83,10.55,-9.89,68.23,0.9
ALFAS.IS,Technology,N/A,2023-09-19,8.53,8.53,-3.26,59.44,0.47
ALFAS.IS,Technology,N/A,2023-10-17,4.32,5.29,-12.0,23.52,0.66
ALFAS.IS,Technology,N/A,2023-10-24,3.06,3.06,-12.55,35.61,0.93
ALFAS.IS,Technology,N/A,2023-12-07,7.68,7.68,-10.41,20.41,0.77
ALFAS.IS,Technology,N/A,2023-12-21,-2.74,-2.74,-19.62,31.92,0.55
ALFAS.IS,Technology,N/A,2024-01-29,5.32,19.55,-5.42,64.09,1.26
ALFAS.IS,Technology,N/A,2024-03-29,7.12,7.12,-8.46,28.78,0.73
ALFAS.IS,Technology,N/A,2024-07-11,7.75,7.75,-10.9,52.88,1.15
ALFAS.IS,Technology,N/A,2024-10-22,9.94,9.94,-1.54,26.33,0.72
ALFAS.IS,Technology,N/A,2024-12-09,13.19,15.31,-1.77,27.81,0.85
ALFAS.IS,Technology,N/A,2025-11-17,4.74,4.74,-10.39,54.64,2.53
BRYAT.IS,Basic Materials,N/A,2021-03-01,4.61,4.61,-11.41,,
BRYAT.IS,Basic Materials,N/A,2021-03-30,9.69,9.69,-6.79,29.62,0.47
BRYAT.IS,Basic Materials,N/A,2021-04-29,10.84,11.69,-5.01,25.47,0.4
BRYAT.IS,Basic Materials,N/A,2021-07-14,9.29,9.29,-3.58,33.62,0.9
BRYAT.IS,Basic Materials,N/A,2021-08-09,14.48,26.0,-2.74,68.68,1.85
BRYAT.IS,Basic Materials,N/A,2021-08-16,10.06,22.0,-6.25,78.18,0.82
BRYAT.IS,Basic Materials,N/A,2021-08-23,10.85,10.85,-1.31,72.85,0.93
BRYAT.IS,Basic Materials,N/A,2022-09-12,23.27,41.63,1.01,62.14,1.64
BRYAT.IS,Basic Materials,N/A,2022-09-14,21.86,26.37,-0.04,74.52,2.95
BRYAT.IS,Basic Materials,N/A,2022-09-20,11.42,11.42,-11.37,86.82,0.97
BRYAT.IS,Basic Materials,N/A,2022-10-19,7.28,11.87,-3.33,67.63,0.85
BRYAT.IS,Basic Materials,N/A,2022-10-26,4.28,9.11,-8.12,72.77,1.04
BRYAT.IS,Basic Materials,N/A,2022-11-11,8.75,14.5,-8.08,66.85,1.25
BRYAT.IS,Basic Materials,N/A,2022-12-09,22.44,22.44,0.15,56.39,0.48
BRYAT.IS,Basic Materials,N/A,2022-12-14,6.59,6.59,-8.25,67.03,0.78
BRYAT.IS,Basic Materials,N/A,2023-02-15,7.11,7.4,-9.44,12.82,0.0
BRYAT.IS,Basic Materials,N/A,2023-03-22,9.26,9.26,-8.39,23.19,0.78
BRYAT.IS,Basic Materials,N/A,2023-05-09,8.63,8.63,-10.32,43.86,0.54
BRYAT.IS,Basic Materials,N/A,2023-06-26,32.56,33.4,1.72,62.73,1.66
BRYAT.IS,Basic Materials,N/A,2023-06-27,20.51,21.28,0.92,74.66,1.52
BRYAT.IS,Basic Materials,N/A,2023-07-03,9.56,17.17,-8.25,78.46,0.75
BRYAT.IS,Basic Materials,N/A,2023-07-10,13.92,24.86,-7.91,76.62,0.79
BRYAT.IS,Basic Materials,N/A,2023-07-14,20.12,30.07,1.95,75.09,0.62
BRYAT.IS,Basic Materials,N/A,2023-07-25,6.12,6.12,-4.77,65.98,1.02
BRYAT.IS,Basic Materials,N/A,2023-09-01,33.09,33.09,4.87,55.92,0.88
BRYAT.IS,Basic Materials,N/A,2023-09-04,21.0,21.0,-8.96,61.78,1.45
BRYAT.IS,Basic Materials,N/A,2023-09-05,10.0,10.0,-17.23,72.39,0.16
BRYAT.IS,Basic Materials,N/A,2023-09-14,10.74,10.74,-7.16,55.72,0.65
BRYAT.IS,Basic Materials,N/A,2023-10-02,9.96,18.93,-4.69,49.2,0.43
BRYAT.IS,Basic Materials,N/A,2023-10-17,-0.89,-0.54,-11.21,55.36,0.94
BRYAT.IS,Basic Materials,N/A,2023-12-08,13.78,13.78,-3.02,63.18,1.49
BRYAT.IS,Basic Materials,N/A,2023-12-26,10.14,10.14,-4.61,37.25,0.41
BRYAT.IS,Basic Materials,N/A,2024-02-08,18.26,29.4,-3.43,68.5,0.88
BRYAT.IS,Basic Materials,N/A,2024-02-29,8.5,8.5,-10.01,80.58,1.28
BRYAT.IS,Basic Materials,N/A,2024-09-02,19.48,23.57,2.69,39.08,1.42
BRYAT.IS,Basic Materials,N/A,2024-09-03,12.37,12.37,-6.62,55.54,1.45
BRYAT.IS,Basic Materials,N/A,2025-04-24,20.36,20.36,1.3,32.55,0.71
BRYAT.IS,Basic Materials,N/A,2025-04-25,9.44,9.44,-9.21,48.97,1.66
BRYAT.IS,Basic Materials,N/A,2025-07-24,3.75,10.73,-6.41,54.2,1.1
BRYAT.IS,Basic Materials,N/A,2025-08-26,5.36,5.36,-13.08,74.0,2.26
BRYAT.IS,Basic Materials,N/A,2025-08-28,4.9,4.9,-13.46,63.2,1.69
BRYAT.IS,Basic Materials,N/A,2025-10-24,15.18,22.25,-5.43,26.87,0.65
BRYAT.IS,Basic Materials,N/A,2025-10-30,10.51,17.3,0.95,46.09,0.44
QUAGR.IS,Industrials,N/A,2021-12-01,4.92,8.11,-5.06,71.25,1.28
QUAGR.IS,Industrials,N/A,2022-05-09,15.12,15.12,-1.67,88.01,0.88
QUAGR.IS,Industrials,N/A,2022-06-07,5.72,5.72,-6.26,61.29,0.39
QUAGR.IS,Industrials,N/A,2022-08-31,0.58,0.58,-7.26,34.53,2.77
QUAGR.IS,Industrials,N/A,2022-12-01,10.94,18.13,-3.83,54.23,2.03
QUAGR.IS,Industrials,N/A,2023-02-15,13.55,15.37,-6.13,26.04,0.0
QUAGR.IS,Industrials,N/A,2023-11-15,2.4,2.4,-6.73,55.94,0.58
QUAGR.IS,Industrials,N/A,2024-01-25,9.05,9.05,-6.96,22.22,0.72
QUAGR.IS,Industrials,N/A,2024-02-14,7.56,7.56,-3.46,60.74,0.88
QUAGR.IS,Industrials,N/A,2025-10-09,7.5,7.5,-11.0,14.48,0.21
QUAGR.IS,Industrials,N/A,2025-12-01,5.16,5.16,-7.07,1.39,0.47
MIATK.IS,Technology,N/A,2021-12-13,20.07,20.07,-16.53,73.0,
MIATK.IS,Technology,N/A,2021-12-14,9.18,9.18,-24.37,74.19,
MIATK.IS,Technology,N/A,2021-12-27,9.87,12.07,-4.79,49.6,0.48
MIATK.IS,Technology,N/A,2022-03-21,2.45,5.6,-7.65,58.59,3.12
MIATK.IS,Technology,N/A,2022-08-05,3.61,3.61,-4.96,82.68,0.99
MIATK.IS,Technology,N/A,2022-10-12,9.98,20.14,-2.75,68.53,1.64
MIATK.IS,Technology,N/A,2022-10-24,3.79,34.13,-6.77,83.14,2.03
MIATK.IS,Technology,N/A,2022-11-02,31.2,108.58,2.91,58.8,1.06
MIATK.IS,Technology,N/A,2022-11-03,29.76,104.89,4.7,66.88,2.02
MIATK.IS,Technology,N/A,2022-11-04,29.77,86.29,-4.81,71.47,0.81
MIATK.IS,Technology,N/A,2022-11-09,60.76,90.58,3.31,71.15,0.98
MIATK.IS,Technology,N/A,2022-11-10,57.9,79.2,1.12,75.55,1.08
MIATK.IS,Technology,N/A,2022-11-11,43.56,62.93,0.83,80.97,0.32
MIATK.IS,Technology,N/A,2022-11-14,30.61,48.23,0.67,82.08,1.35
MIATK.IS,Technology,N/A,2022-11-15,18.79,34.82,-8.44,88.56,0.78
MIATK.IS,Technology,N/A,2022-11-16,18.55,22.59,-16.74,90.0,0.13
MIATK.IS,Technology,N/A,2022-11-21,25.04,25.04,-10.1,80.69,1.64
MIATK.IS,Technology,N/A,2022-11-22,13.71,13.71,-19.73,83.38,0.42
MIATK.IS,Technology,N/A,2022-11-23,3.41,3.41,-27.0,84.41,0.24
MIATK.IS,Technology,N/A,2023-01-09,7.84,7.84,-20.78,13.83,1.21
MIATK.IS,Technology,N/A,2023-01-24,-0.08,-0.08,-18.69,45.91,0.83
MIATK.IS,Technology,N/A,2023-03-13,14.46,14.46,-5.94,73.43,0.79
MIATK.IS,Technology,N/A,2023-03-15,8.4,8.4,-12.44,70.61,2.19
MIATK.IS,Technology,N/A,2023-07-24,20.04,20.04,-4.76,80.03,2.0
MIATK.IS,Technology,N/A,2023-07-27,9.39,30.1,-8.78,81.76,1.46
MIATK.IS,Technology,N/A,2023-08-08,19.27,19.27,0.56,75.14,0.85
MIATK.IS,Technology,N/A,2023-08-09,8.46,8.46,-6.64,77.95,0.99
MIATK.IS,Technology,N/A,2023-08-21,3.68,62.25,-8.03,61.79,0.43
MIATK.IS,Technology,N/A,2023-08-29,60.91,72.3,5.47,62.12,0.78
MIATK.IS,Technology,N/A,2023-08-31,56.65,63.3,1.23,63.04,0.31
MIATK.IS,Technology,N/A,2023-09-01,42.44,48.49,1.03,71.48,0.21
MIATK.IS,Technology,N/A,2023-09-04,29.53,41.74,-3.06,75.17,0.66
MIATK.IS,Technology,N/A,2023-09-05,17.78,41.77,-2.09,79.03,0.51
MIATK.IS,Technology,N/A,2023-09-06,7.07,41.77,-10.99,84.0,0.53
MIATK.IS,Technology,N/A,2023-09-13,39.45,82.17,-2.58,83.36,0.42
MIATK.IS,Technology,N/A,2023-09-18,58.06,58.06,3.56,84.92,0.63
MIATK.IS,Technology,N/A,2023-09-19,43.69,43.69,-0.05,86.64,0.77
MIATK.IS,Technology,N/A,2023-09-20,30.63,30.63,-9.14,87.56,0.67
MIATK.IS,Technology,N/A,2023-09-22,9.99,9.99,-27.81,88.95,1.28
MIATK.IS,Technology,N/A,2023-09-25,-0.08,-0.08,-34.37,89.75,0.82
MIATK.IS,Technology,N/A,2023-10-02,9.99,9.99,-4.85,58.33,0.96
MIATK.IS,Technology,N/A,2023-10-17,31.15,72.8,-3.06,24.82,0.34
MIATK.IS,Technology,N/A,2023-10-26,33.08,33.08,-0.45,52.18,0.92
MIATK.IS,Technology,N/A,2023-10-27,20.99,20.99,-9.5,58.74,8.18
MIATK.IS,Technology,N/A,2023-10-30,9.99,9.99,-19.66,67.35,6.73
MIATK.IS,Technology,N/A,2023-11-13,16.73,16.73,-13.56,53.45,0.47
MIATK.IS,Technology,N/A,2023-11-14,6.13,6.13,-26.72,54.7,0.09
MIATK.IS,Technology,N/A,2023-12-05,8.86,8.86,-11.66,16.05,1.02
MIATK.IS,Technology,N/A,2023-12-27,32.26,32.26,1.52,12.07,0.73
MIATK.IS,Technology,N/A,2023-12-28,20.26,20.26,1.09,25.55,0.42
MIATK.IS,Technology,N/A,2024-01-02,5.54,5.54,-11.34,43.95,1.25
MIATK.IS,Technology,N/A,2024-01-29,30.77,58.07,1.74,36.36,1.0
MIATK.IS,Technology,N/A,2024-01-30,30.68,43.71,-5.12,59.11,2.2
MIATK.IS,Technology,N/A,2024-02-05,20.88,25.91,-0.72,87.75,1.38
MIATK.IS,Technology,N/A,2024-02-06,9.97,25.98,-9.68,93.4,1.28
MIATK.IS,Technology,N/A,2024-02-19,23.16,34.82,3.12,78.92,0.91
MIATK.IS,Technology,N/A,2024-02-20,20.84,22.59,-4.79,80.05,0.56
MIATK.IS,Technology,N/A,2024-02-26,9.47,9.47,-10.44,76.07,1.29
MIATK.IS,Technology,N/A,2024-02-29,7.79,7.79,-14.81,71.14,0.85
MIATK.IS,Technology,N/A,2024-03-07,11.02,11.02,-9.27,60.57,0.74
MIATK.IS,Technology,N/A,2024-03-19,8.15,8.15,-11.87,36.82,0.31
MIATK.IS,Technology,N/A,2024-03-29,2.49,2.85,-11.49,27.39,0.71
MIATK.IS,Technology,N/A,2024-05-16,4.85,4.85,-7.62,32.23,1.34
MIATK.IS,Technology,N/A,2024-06-05,19.96,30.9,0.38,33.12,0.76
MIATK.IS,Technology,N/A,2024-06-06,9.08,19.2,-8.73,30.77,0.53
MIATK.IS,Technology,N/A,2025-03-05,20.57,24.0,1.33,35.77,1.64
MIATK.IS,Technology,N/A,2025-03-24,20.65,20.65,3.08,54.52,1.03
MIATK.IS,Technology,N/A,2025-03-25,9.68,9.68,-3.39,63.76,1.37
MIATK.IS,Technology,N/A,2025-07-23,9.96,9.96,-2.11,69.13,1.77
MIATK.IS,Technology,N/A,2025-11-17,1.63,1.63,-8.89,47.92,0.55
REEDR.IS,Technology,N/A,2023-11-06,33.18,41.3,-2.16,58.5,1.11
REEDR.IS,Technology,N/A,2023-11-09,24.65,28.34,1.23,75.06,2.07
REEDR.IS,Technology,N/A,2023-11-10,16.68,16.68,-7.97,89.69,2.15
REEDR.IS,Technology,N/A,2023-11-15,13.22,13.22,-6.29,78.66,2.92
REEDR.IS,Technology,N/A,2023-12-12,8.33,8.33,-10.43,18.9,0.3
REEDR.IS,Technology,N/A,2024-01-02,3.04,11.81,-8.95,44.2,0.61
REEDR.IS,Technology,N/A,2024-01-10,3.11,9.73,-11.75,40.91,1.49
REEDR.IS,Technology,N/A,2024-01-25,15.65,72.35,-0.62,47.3,1.0
REEDR.IS,Technology,N/A,2024-02-02,41.99,79.64,9.96,62.32,1.31
REEDR.IS,Technology,N/A,2024-02-05,33.66,63.38,7.72,74.25,1.75
REEDR.IS,Technology,N/A,2024-02-06,32.06,48.55,1.64,81.5,0.09
REEDR.IS,Technology,N/A,2024-02-07,24.88,35.08,-4.03,84.74,0.33
REEDR.IS,Technology,N/A,2024-02-12,22.23,45.03,-0.96,88.84,1.56
REEDR.IS,Technology,N/A,2024-02-14,8.17,41.11,-10.97,93.65,1.98
REEDR.IS,Technology,N/A,2024-02-21,42.07,53.77,-2.13,80.27,0.61
REEDR.IS,Technology,N/A,2024-02-23,25.27,30.86,-0.82,82.62,1.47
REEDR.IS,Technology,N/A,2024-02-26,19.01,19.01,-9.81,83.68,0.72
REEDR.IS,Technology,N/A,2024-02-29,14.88,14.88,-16.91,71.27,0.85
REEDR.IS,Technology,N/A,2024-03-01,4.47,4.47,-24.44,76.64,0.56
REEDR.IS,Technology,N/A,2024-03-07,6.8,6.8,-16.09,57.82,0.78
REEDR.IS,Technology,N/A,2024-04-22,1.68,1.68,-12.71,28.31,0.83
REEDR.IS,Technology,N/A,2024-05-16,17.26,17.26,-2.75,26.38,1.42
REEDR.IS,Technology,N/A,2024-05-21,6.18,6.18,-19.15,51.19,1.05
REEDR.IS,Technology,N/A,2024-06-05,15.79,15.79,-4.85,40.1,0.49
REEDR.IS,Technology,N/A,2024-06-10,10.0,10.0,-7.28,37.31,1.2
REEDR.IS,Technology,N/A,2024-07-09,1.06,7.07,-7.07,29.37,0.88
REEDR.IS,Technology,N/A,2024-08-13,9.98,9.98,-6.52,36.55,0.38
REEDR.IS,Technology,N/A,2024-10-15,5.27,5.27,-7.27,3.38,1.75
REEDR.IS,Technology,N/A,2024-11-01,0.74,0.74,-34.32,52.85,0.54
REEDR.IS,Technology,N/A,2025-03-06,11.62,11.62,-2.28,34.43,1.5
REEDR.IS,Technology,N/A,2025-03-25,19.43,19.43,-0.34,46.44,1.29
REEDR.IS,Technology,N/A,2025-03-26,8.65,8.65,-8.72,51.85,1.03
